Date,Sales,Expenses,Profit,Region
12/07/2023,4851.124615,2490.307402,1546.371863,Greater Accra
29/03/2022,1598.713139,2535.719462,285.1827585,Volta
08/04/2023,1964.723689,1213.798467,1812.903331,Volta
16/10/2021,4250.818687,2174.031799,427.0654866,Central
02/05/2022,3527.990642,1049.860026,1551.109201,Volta
28/02/2020,2280.032107,1173.581743,437.9697662,Upper west
06/12/2021,1049.406985,1518.38124,1814.307905,Upper west
02/04/2021,4455.218876,1560.309536,569.7389201,Central
10/12/2021,2523.309213,1639.349515,690.7306761,Volta
06/12/2023,3621.435398,1601.142454,742.1451624,Volta
18/09/2020,1487.595446,2750.327667,666.9809961,Volta
11/12/2023,3837.240259,1014.187388,679.4442029,Greater Accra
19/06/2021,1178.435415,1955.504306,386.597276,Upper west
12/10/2023,1711.720449,577.0203505,419.3630104,Volta
11/04/2021,2549.481983,1881.410891,860.4950966,Central
17/10/2022,2523.406793,2109.152033,1711.290322,Volta
28/10/2023,4838.911844,1010.86258,1362.0123,Volta
23/10/2023,3769.42648,1861.562719,1392.196212,Volta
04/12/2022,3368.315467,779.1088232,1355.055091,Central
13/12/2022,1757.631027,1978.451884,1372.849717,Central
07/09/2022,4027.444496,637.3822346,591.5900521,Volta
18/07/2020,3278.379458,999.2780139,403.6827055,Volta
29/03/2020,1278.51352,551.0140042,640.3955704,Central
24/03/2020,2600.717675,2696.420333,277.8975021,Upper west
15/03/2022,3800.83675,2143.080208,938.2131743,Upper west
01/06/2020,1032.728942,2811.999969,1526.500489,Volta
14/01/2020,3947.115828,1991.990128,576.5224501,Greater Accra
05/09/2021,4538.184918,1527.876745,1234.683359,Central
28/11/2023,1318.71977,2962.936844,1875.111605,Upper west
25/09/2020,2236.659774,2995.336715,1495.164717,Central
14/01/2022,2171.699896,1854.67823,991.0360573,Central
11/02/2021,4915.112897,2506.421985,1362.124314,Central
24/11/2022,3564.187596,1710.202167,1907.97941,Central
30/01/2023,3883.936841,775.5899066,913.7129182,Upper west
02/09/2021,4924.512859,2951.401649,637.9745475,Upper west
16/08/2020,2121.910863,2178.13504,1705.216861,Central
08/12/2021,4976.906702,2801.461876,1601.093289,Central
18/01/2022,2481.63071,1426.30239,427.8599898,Upper west
23/05/2023,4923.188654,2544.324639,1836.887816,Greater Accra
05/08/2023,2543.688145,1643.565067,1426.507978,Upper west
27/06/2023,1705.378979,637.0158874,1109.688973,Volta
03/01/2020,4168.035929,1746.506781,594.9297444,Volta
06/01/2020,3101.235336,2048.593572,698.5762201,Upper west
23/12/2021,2773.214397,1195.273172,988.5714252,Upper west
08/08/2022,1859.442839,1540.805471,469.146611,Central
24/03/2023,4415.987615,1930.132941,298.2032164,Central
27/06/2023,3380.503468,2695.688949,553.8829034,Volta
31/07/2022,3357.897853,2146.38167,1841.662993,Upper west
25/08/2022,1869.481886,1709.333247,1763.113709,Volta
19/04/2021,4414.04152,2851.414336,1384.158049,Greater Accra
24/09/2022,2898.74396,1895.502789,1806.766202,Volta
04/07/2022,3837.39496,1174.063809,296.6814566,Upper west
24/11/2023,4804.311182,718.4956137,541.9438933,Central
22/02/2020,1786.462367,2550.128269,467.076393,Volta
31/01/2023,3598.518987,1446.043108,1035.126877,Central
18/09/2020,4534.869266,1418.685502,600.4900773,Upper west
10/07/2021,4765.728755,1068.220138,692.0250401,Upper west
23/05/2022,3084.720096,2562.935709,375.993172,Volta
20/11/2020,2456.715198,1453.107216,305.4557462,Central
24/09/2021,4123.683393,1201.32643,793.0627471,Greater Accra
11/02/2021,4497.6197,2336.394311,1441.248965,Upper west
30/06/2023,2703.082328,2706.748984,1262.122003,Volta
14/03/2021,2004.30638,2300.98514,231.9240754,Upper west
30/08/2023,1033.494043,2981.948024,1326.709797,Volta
21/12/2020,4057.806161,567.0857915,1080.377718,Upper west
25/06/2021,1625.410015,2861.966074,293.6403503,Greater Accra
22/10/2021,2240.014652,2598.589316,925.0319898,Upper west
25/06/2023,3757.033669,1131.436976,1361.375593,Volta
30/03/2022,3459.601957,1877.664405,1205.724933,Greater Accra
11/04/2021,4643.014421,1366.940168,1037.308456,Upper west
08/06/2023,3837.784979,1747.439534,697.0879258,Volta
11/12/2022,2681.807421,1267.169055,1398.051106,Upper west
11/02/2020,1546.191842,1443.772421,1307.724712,Central
27/03/2022,4658.79393,2213.728486,1433.306617,Greater Accra
02/06/2023,2748.888054,1176.404372,1253.120403,Volta
02/01/2022,3329.914051,1494.884061,1364.585329,Central
31/07/2022,4513.343938,713.5955639,1939.269961,Volta
20/05/2022,3713.647263,1102.372894,1635.332732,Central
27/03/2022,1247.420602,1534.343178,1775.443165,Volta
16/05/2023,1595.022794,640.064512,370.6619352,Upper west
02/06/2020,4992.46621,2650.846815,1374.693241,Greater Accra
17/12/2020,2404.652236,768.6526508,699.1718507,Central
23/10/2020,1773.726333,1669.10155,326.0891916,Upper west
05/04/2023,3664.956632,2549.656563,508.3700135,Greater Accra
30/01/2021,1541.258271,784.4340209,1594.569732,Volta
08/08/2021,2543.83875,2930.905484,907.4959865,Central
05/04/2023,1375.040321,1474.548814,1385.070869,Central
21/04/2023,2020.142533,2220.658361,903.2089203,Upper west
05/02/2021,4727.141608,1730.480133,794.3241925,Upper west
27/07/2021,3496.600041,599.0220887,495.9430263,Central
13/08/2022,4584.668625,2041.21625,1013.568491,Greater Accra
21/05/2020,4858.901591,2898.757949,1247.887292,Volta
23/06/2023,4056.775234,1216.666467,1440.909892,Greater Accra
25/02/2021,1709.802785,2710.65463,238.3341804,Volta
01/07/2020,1602.010536,2258.233609,760.7992659,Greater Accra
22/12/2023,3267.56427,1581.821823,1825.026006,Volta
13/04/2020,3083.870703,1115.340887,1617.988138,Volta
27/02/2023,1057.219497,1378.963566,892.4027264,Greater Accra
27/04/2020,3375.965689,2022.804779,1974.800402,Central
26/01/2020,2622.39353,2595.009498,1329.865982,Upper west
24/08/2021,1803.671153,1523.972134,879.2256804,Greater Accra
16/06/2022,4336.890825,2804.166006,1074.143324,Central
26/04/2020,1988.769989,1313.570572,332.9017929,Upper west
25/09/2023,2242.285691,2945.000436,1276.277053,Volta
29/09/2020,1606.036061,1903.570912,1552.284777,Upper west
08/04/2021,1911.605792,2071.269238,1848.184371,Upper west
18/12/2020,3414.449975,1991.418471,679.4208796,Greater Accra
29/03/2020,2439.18502,2228.250997,814.1569092,Greater Accra
26/02/2022,3798.517922,1571.834806,1534.364463,Volta
11/08/2022,1512.185195,578.6218079,1087.457184,Central
17/08/2020,2879.998914,500.6825506,1622.957528,Volta
26/08/2021,3643.47016,1983.14442,256.0570359,Upper west
13/01/2021,4697.864882,1021.980411,1726.178428,Upper west
10/07/2021,1437.404814,2884.486614,986.1982958,Central
20/02/2022,1332.030785,2135.006877,1771.119179,Greater Accra
09/10/2020,4296.440551,2535.570019,780.5253504,Volta
11/01/2023,3164.782892,1748.550521,1851.705842,Greater Accra
23/01/2023,1617.642442,1835.301574,322.0838119,Central
14/10/2022,3725.376189,761.925844,205.2862141,Central
19/10/2021,1683.958728,2406.185012,1595.126039,Volta
28/05/2022,2325.980517,2023.78662,397.2456733,Central
12/09/2023,1583.47434,666.0525257,993.8733984,Upper west
26/12/2021,3267.690962,604.9905657,1247.268766,Central
19/05/2023,2418.067908,1149.223901,1816.701757,Greater Accra
01/09/2022,4464.374875,1846.902346,1793.298724,Greater Accra
24/08/2021,4089.660062,1934.621856,1427.346429,Volta
12/12/2020,1804.522133,594.2715181,666.8556506,Volta
28/11/2023,1612.378851,1672.775169,660.4982454,Upper west
29/09/2023,1101.655342,2260.038823,1785.997963,Upper west
28/07/2021,1744.276872,2603.164615,1848.350517,Greater Accra
13/04/2020,2650.975773,2745.716253,1646.972497,Greater Accra
24/09/2021,3137.912041,1999.400054,245.3001783,Central
04/02/2021,3157.956798,2995.818101,990.1232775,Volta
12/08/2022,1783.420097,1470.035707,1749.159375,Greater Accra
04/03/2021,1671.149222,2957.958279,1191.086552,Volta
21/02/2020,1315.615625,1740.425171,826.5273947,Central
29/05/2020,4890.139211,925.8668745,1593.388667,Central
21/05/2021,4961.452785,1921.661165,1130.205176,Greater Accra
01/09/2023,4529.707232,2714.306558,1516.613362,Central
17/06/2022,4203.00848,2146.866011,1850.845603,Upper west
10/10/2021,3660.341584,1401.669702,1700.654761,Upper west
29/12/2020,1233.629964,2179.49752,297.3510152,Central
30/05/2022,4707.916912,1297.896106,1665.529135,Greater Accra
19/06/2021,3917.027546,1023.7535,1219.992573,Upper west
24/01/2023,3834.726847,2481.88921,278.2034142,Central
28/03/2022,3454.341774,1070.953151,549.6480323,Upper west
23/06/2020,2476.836346,1444.059594,1759.928582,Upper west
04/03/2023,3948.74625,997.7440132,358.8566647,Upper west
26/02/2021,2762.835335,2281.068739,752.0589058,Upper west
04/11/2023,3397.462092,1829.0937,537.720036,Volta
17/10/2023,4770.212382,1859.123559,674.4185069,Central
02/10/2020,2985.910167,2262.193794,1374.891532,Upper west
07/05/2023,4629.872169,582.4950568,1168.548751,Greater Accra
10/04/2022,1847.25979,2489.313556,1576.760338,Volta
21/11/2023,1955.509517,861.2481083,1939.802661,Greater Accra
12/10/2023,4377.56937,2357.258033,1292.097079,Volta
20/05/2020,4012.725418,2661.126739,1043.331656,Volta
08/07/2022,3280.752087,797.0151047,674.3856156,Greater Accra
11/02/2020,4205.205725,639.9739787,796.9793858,Upper west
04/06/2022,3247.334064,2587.885422,1178.960171,Central
29/11/2023,3786.282014,1747.642116,1788.966744,Central
11/01/2021,4219.076037,769.4102895,1515.669523,Upper west
29/05/2022,3273.328237,2433.19719,1363.732795,Central
02/07/2023,1722.575577,1052.235249,1415.5306,Greater Accra
12/07/2021,1018.643006,1143.750114,1901.883475,Central
13/10/2023,2141.088036,2324.917727,918.1988733,Upper west
18/11/2022,1358.853614,2992.014436,1641.665764,Upper west
12/10/2021,3096.257757,2097.667227,403.5692287,Central
10/03/2021,4146.672979,1286.295452,1266.869849,Upper west
11/07/2022,4041.412158,640.6101367,653.5093897,Volta
08/04/2020,2405.349644,1435.607827,1947.759372,Upper west
01/01/2020,3120.035713,2700.897464,1527.898082,Central
27/02/2021,4942.229958,1635.254867,932.5629198,Greater Accra
23/12/2022,3515.514303,2938.324816,1762.844127,Greater Accra
28/01/2020,4329.194537,1569.001454,1376.499556,Volta
04/08/2020,3363.942602,731.2872276,868.0762769,Greater Accra
17/01/2021,1830.500051,1891.865549,407.900058,Upper west
28/05/2021,3594.901991,1919.624798,975.0603642,Volta
21/01/2022,3256.192112,1208.670714,1534.207697,Upper west
06/03/2023,1605.444554,1887.101447,880.6158848,Greater Accra
19/08/2023,1093.012181,1686.142218,813.0912807,Upper west
26/07/2021,1237.786644,1256.87765,258.8333493,Upper west
02/04/2021,3088.823626,2056.875288,1210.473481,Central
27/07/2022,1252.105137,2126.631833,1736.694819,Volta
06/07/2021,2070.758392,673.9823365,1882.834711,Upper west
23/12/2023,3081.477792,977.6125646,1637.26456,Greater Accra
09/04/2020,3819.044406,532.3642469,242.8785314,Upper west
16/01/2023,2299.050804,1479.696325,1307.274296,Volta
06/01/2023,4263.78837,2366.759674,1683.838923,Central
08/04/2021,4793.756759,2868.114861,1451.363015,Volta
13/09/2023,3358.670888,1894.717512,1130.549829,Upper west
17/05/2023,1519.078508,2588.852248,298.8397776,Central
07/09/2023,4136.363056,1129.472892,937.8783904,Central
22/12/2023,1100.667543,716.0671027,237.7895359,Upper west
16/07/2022,4116.725089,2519.461531,1630.853656,Central
01/09/2021,1676.009954,582.2471634,663.4473441,Volta
21/01/2022,4408.633663,2215.717803,928.3451628,Upper west
25/02/2022,2253.105251,1612.370468,511.5670654,Volta
08/07/2021,2764.022331,975.7100511,361.8103625,Volta
14/05/2021,2422.235739,1924.326385,703.6593951,Central
17/02/2020,2199.49776,2622.49892,1051.098038,Central
05/01/2021,4117.889334,2857.07347,1239.128921,Greater Accra
05/09/2021,3784.099647,1470.523709,1306.598791,Volta
25/05/2023,3135.711824,509.5404117,542.8577164,Central
16/03/2021,1499.991375,1588.847074,333.800007,Central
25/08/2022,3617.719236,2115.902339,227.2090545,Central
17/11/2021,3114.157026,526.7077768,371.3214037,Central
03/05/2023,3792.331726,1556.869561,1228.30169,Upper west
16/06/2022,3690.811716,2732.443176,531.7159835,Central
02/08/2020,2356.576023,1613.594178,480.4922621,Volta
12/07/2023,2477.974253,627.904035,214.1739371,Volta
21/04/2021,4692.211093,2160.624389,741.869167,Greater Accra
05/10/2023,4375.53619,2111.66122,1915.217112,Greater Accra
01/05/2020,2853.163785,929.7803794,1494.612152,Central
23/06/2021,2557.159127,1144.103281,828.0575961,Upper west
22/02/2020,4998.183714,2421.433242,1253.745455,Central
31/03/2023,1556.045245,2859.333363,1079.380611,Central
05/10/2020,1133.32451,1484.47953,1744.831883,Upper west
26/08/2021,1159.553544,1137.07539,940.2458955,Central
01/05/2020,3954.284637,964.8962067,1055.155511,Volta
14/09/2023,2428.600047,2434.501104,1106.954205,Upper west
29/03/2023,4058.967694,2933.661937,706.7206799,Greater Accra
02/06/2020,2276.99593,2411.805391,839.6694275,Greater Accra
17/11/2020,3261.640529,2732.182529,1250.873979,Upper west
03/03/2022,2845.429423,2313.946213,1703.475484,Volta
19/10/2020,4886.035262,1889.113162,1145.121804,Volta
09/05/2020,2639.645777,1060.612138,1486.341852,Upper west
11/12/2020,3367.502285,1942.571863,850.191554,Volta
15/12/2020,1383.487467,2030.103397,1925.798119,Volta
08/09/2020,1405.97343,1447.717133,1109.603583,Upper west
20/05/2023,1624.606631,1027.372164,1285.588659,Greater Accra
22/04/2022,1918.801194,815.9581151,1465.065332,Upper west
10/02/2022,1843.143392,1939.786826,265.868398,Greater Accra
04/11/2023,2055.785341,1368.761294,1867.497084,Greater Accra
29/08/2022,3457.008756,845.5394377,1591.045973,Greater Accra
13/06/2020,3698.746895,1032.273756,1950.387098,Upper west
30/06/2021,2635.137204,1547.962974,1963.366656,Upper west
29/09/2020,3980.665419,1494.400973,1132.009534,Volta
27/01/2020,2839.432786,1623.348645,1202.696861,Central
05/03/2020,1216.259549,890.1272248,1609.314606,Greater Accra
11/01/2020,4030.304965,1257.050282,393.9070295,Upper west
12/09/2023,3013.885824,1612.264795,1339.020154,Greater Accra
16/03/2023,1122.327641,2492.041033,1331.595164,Greater Accra
25/08/2021,4601.632053,2191.102056,1343.526973,Central
22/04/2023,3819.420224,2806.827327,1411.923718,Central
16/01/2021,2644.285814,2266.602099,1886.487202,Central
03/03/2023,1043.442901,1166.739353,1300.125332,Upper west
02/06/2021,1419.263463,2490.305944,413.9470048,Upper west
07/04/2023,2445.477444,1865.205574,1541.576385,Central
20/04/2020,3290.593775,2513.564869,490.517438,Greater Accra
26/10/2022,3618.518497,2296.734098,342.8837573,Volta
04/02/2020,3688.846172,2586.102312,263.2564501,Volta
24/04/2021,2772.45077,2403.797711,893.6761161,Greater Accra
14/07/2020,1208.516729,2649.756635,1819.396438,Greater Accra
10/07/2021,2846.513819,1823.344128,1890.102806,Central
02/12/2021,4633.620525,2414.783685,1173.790808,Upper west
05/10/2023,3925.862981,2341.54448,1504.037221,Greater Accra
12/01/2020,2974.369008,1973.877384,565.0621693,Central
17/09/2021,4756.090835,1045.209848,1904.001189,Central
03/02/2021,4402.667791,653.4536207,867.4739355,Central
17/03/2020,3151.808082,2246.908414,1575.771235,Volta
08/11/2022,2603.255083,2368.959324,720.1094028,Volta
13/04/2023,4318.01219,808.3328396,735.5931207,Greater Accra
16/03/2023,2297.921454,1797.397427,1634.135186,Central
12/09/2023,3409.626272,1270.817259,742.7829398,Upper west
01/10/2022,4986.069406,1016.772011,1472.678306,Upper west
07/06/2022,3385.803309,873.2389669,1848.972558,Greater Accra
24/06/2020,3861.870488,2748.983602,1639.495373,Upper west
22/12/2021,2802.261969,1482.962706,1974.040193,Upper west
02/07/2023,4439.206382,888.3164073,431.3706835,Volta
23/02/2020,3199.345127,1275.361091,462.1855991,Upper west
29/04/2022,2672.083853,1423.499815,1873.317049,Greater Accra
06/11/2023,1591.104971,2670.968738,347.2092485,Volta
28/06/2020,1968.441587,1112.743524,1198.030406,Central
26/08/2021,1917.560225,2956.863837,542.9000709,Upper west
27/07/2020,3928.128654,2865.180992,1868.513231,Central
27/10/2023,2254.338856,949.9607435,786.6420589,Greater Accra
05/07/2020,4445.958139,2403.598308,1046.589623,Greater Accra
17/03/2020,2096.816301,1592.586068,1428.925506,Greater Accra
13/03/2022,2934.90717,2513.909154,951.3053078,Central
12/04/2023,1139.89429,731.8357064,1307.93925,Upper west
04/10/2021,1334.189546,2988.421645,761.4356206,Greater Accra
03/09/2022,4617.773884,1194.607384,1774.232375,Upper west
22/11/2022,3144.127493,1810.101584,563.5298072,Volta
07/07/2022,3768.077585,1725.117451,500.6257444,Volta
22/04/2022,1350.816945,1213.594437,1127.228781,Greater Accra
29/12/2021,2951.11421,1215.679412,1625.97205,Greater Accra
15/02/2022,1814.279995,1119.193069,1947.566167,Upper west
15/11/2023,1204.841294,1540.070449,658.3468532,Greater Accra
11/05/2022,3362.845139,2912.486849,953.6975719,Central
07/01/2021,3776.729148,1343.418224,1926.382569,Volta
03/05/2023,3502.182075,709.4446735,733.8620968,Greater Accra
19/10/2020,3064.17575,1375.717389,520.9750706,Volta
05/02/2022,4464.297718,2542.325389,1637.035651,Greater Accra
03/08/2022,2094.077431,2652.036196,1167.959148,Volta
07/04/2021,2989.015629,1632.044495,1038.528279,Volta
16/09/2022,2105.948345,2397.781568,737.157028,Volta
18/12/2021,3551.383634,522.6591297,1556.962835,Volta
08/11/2020,4762.805538,1105.895308,1942.01412,Upper west
22/07/2020,3639.868758,2567.216619,1854.835425,Greater Accra
28/02/2023,4039.716283,1321.591192,1187.78195,Upper west
01/12/2021,4429.864676,1886.31076,242.0007512,Central
31/10/2023,1660.196956,2856.594697,1748.036079,Central
05/10/2022,1162.250648,1922.429777,1777.59,Volta
24/07/2022,1477.078132,874.6282649,1553.895307,Greater Accra
20/08/2022,4021.808175,2808.154353,1875.936711,Central
27/05/2022,2583.687337,1081.657645,1481.408261,Volta
19/01/2020,1599.59493,1078.280078,750.289958,Volta
18/04/2022,1935.668404,2687.746582,821.660265,Volta
14/10/2020,4828.322805,1077.35438,1774.072173,Upper west
25/04/2021,1324.143638,2512.810281,338.4037194,Central
29/04/2022,1111.579274,700.4975683,926.0747367,Volta
22/01/2021,3755.067665,2547.66248,1506.928663,Central
25/05/2022,2662.008657,2353.208792,1817.93097,Greater Accra
23/05/2022,2127.538756,1408.774115,1586.457747,Greater Accra
24/11/2023,4450.997758,2996.005813,1972.711336,Volta
11/11/2021,2816.273883,2877.992268,1141.572668,Upper west
20/01/2022,2980.49413,503.3207885,903.8345557,Greater Accra
07/06/2020,4582.654284,1701.198125,382.6422132,Central
17/07/2020,3096.219367,603.6290842,369.5651596,Central
10/01/2020,2066.66414,529.2217248,1489.1329,Volta
14/06/2020,4658.179335,1659.207252,531.2578303,Central
06/03/2020,2758.949467,2035.00565,1751.024972,Volta
03/03/2021,4269.993692,1483.76969,435.5648877,Central
21/10/2020,2444.885299,2010.330395,1483.828676,Volta
18/05/2023,4714.518444,900.5160375,1216.537316,Central
03/04/2020,2399.485852,554.7063458,1333.848346,Central
22/05/2021,1523.253862,2187.833976,1913.226491,Volta
22/06/2022,2815.068002,2278.745448,1972.95359,Greater Accra
05/11/2022,2699.149367,2051.096773,1210.20642,Upper west
25/01/2022,4504.050788,1344.791279,275.3493716,Upper west
29/09/2020,3600.5061,640.3137296,910.9403953,Greater Accra
09/12/2020,4798.464536,2256.977443,860.593133,Greater Accra
13/02/2022,3964.06559,1500.979638,692.415337,Upper west
02/09/2023,4124.589847,2216.468932,979.350399,Upper west
05/04/2022,4046.896323,752.417735,1380.099998,Greater Accra
18/01/2023,3352.699491,1187.583884,330.0867963,Central
20/03/2021,3327.328952,741.7258903,1492.367616,Central
10/10/2020,3284.492832,1054.156055,509.4674902,Central
19/10/2020,3675.234847,2281.431523,1324.457478,Central
16/11/2021,4929.359392,2388.343922,1441.751223,Greater Accra
19/12/2023,4004.523314,703.0779987,1385.954882,Central
18/12/2022,2983.074851,686.0287085,1352.434638,Upper west
13/06/2022,1889.643614,519.4990478,1582.592448,Volta
17/03/2021,1616.044821,2889.864093,1539.365693,Central
29/10/2020,1716.158619,627.8273994,1062.785928,Greater Accra
25/04/2023,4965.994372,2234.39339,1231.384198,Greater Accra
15/01/2020,4457.810674,1818.934067,1945.457039,Greater Accra
28/09/2023,4332.125519,2631.14044,646.1752898,Upper west
21/04/2021,1351.893216,1743.374913,1821.426906,Central
26/12/2022,1482.656793,763.2335426,364.5965985,Central
15/03/2021,1998.416332,804.3950083,255.5274758,Upper west
22/09/2020,1865.194257,2325.744218,582.2491577,Greater Accra
21/12/2021,3066.552651,2478.355662,760.8111003,Greater Accra
14/12/2020,2615.68105,2448.651242,747.9702969,Volta
03/03/2023,1826.919174,1743.185108,363.4301237,Greater Accra
14/12/2023,4897.795863,1013.716934,327.1689985,Upper west
28/10/2023,2394.367746,2148.594559,1314.696799,Upper west
30/07/2020,1293.798933,818.6869439,1703.07226,Greater Accra
22/08/2022,1517.092793,1371.986531,1676.776954,Central
03/07/2020,1658.48671,620.5265708,681.1688903,Central
31/01/2020,3318.415351,2886.33279,400.4059716,Central
03/07/2021,1694.561695,1732.463391,299.0581382,Greater Accra
05/02/2020,2494.613469,2522.841441,1683.123537,Volta
06/04/2022,1757.73951,612.8300966,658.4247308,Central
08/02/2020,1463.303012,2337.852644,1247.958762,Upper west
04/10/2020,1074.57415,659.1628528,262.519425,Greater Accra
23/01/2021,3391.681974,1317.662614,1380.703457,Central
02/04/2023,4341.135476,2912.197964,597.5691279,Upper west
14/01/2022,1554.448891,1927.025827,1548.398976,Upper west
08/05/2022,1229.352782,786.2381134,330.5357412,Upper west
04/08/2020,3408.666371,2640.711554,1857.493426,Volta
30/04/2021,4347.828785,1990.83948,1560.553721,Upper west
30/05/2021,2331.7846,2114.910614,1504.60398,Central
09/08/2021,4838.889454,1948.54939,1800.15205,Greater Accra
03/06/2023,4026.631662,2083.066143,1808.129609,Greater Accra
01/03/2021,3453.019268,1251.282851,1364.215154,Upper west
25/05/2022,2093.819186,686.2012541,271.1149028,Upper west
06/03/2021,4665.453386,2504.017204,379.2067094,Greater Accra
21/03/2023,1665.61797,645.1009392,1553.488169,Greater Accra
26/09/2023,3023.150786,2336.394925,1423.523584,Central
04/04/2020,2461.025738,2371.741351,1010.772973,Central
08/10/2022,1683.260253,1038.425173,962.8459867,Central
10/05/2022,4422.490169,2222.419852,398.6029812,Central
29/05/2023,4207.332148,1787.687381,1253.132277,Central
21/11/2021,1680.397367,807.0517935,1411.5148,Volta
17/05/2020,4898.605697,1368.518252,319.723191,Central
19/06/2023,4029.005981,1076.067244,1119.96498,Upper west
16/04/2023,3809.297752,532.1958742,1405.417252,Upper west
10/07/2021,2719.061839,1327.285913,475.2955255,Upper west
21/07/2020,1929.951254,1512.427759,1301.812802,Upper west
10/07/2023,2189.407567,2307.876145,754.7949963,Central
24/01/2020,3841.078994,957.612862,1495.529084,Upper west
02/02/2021,2001.230768,571.2763761,807.8318997,Upper west
28/09/2020,2004.319166,1163.426932,1519.510788,Central
06/05/2020,2672.507792,1876.849167,1528.328668,Greater Accra
24/03/2020,3135.958983,692.190357,778.044806,Upper west
12/01/2022,3255.480518,1606.629642,1872.778939,Upper west
23/04/2023,2994.965335,1421.872384,1903.240335,Central
26/12/2020,3650.141119,2665.995229,962.6597329,Volta
12/05/2021,2157.908603,1086.541756,457.5186826,Upper west
10/03/2022,4606.343799,1620.59567,856.4587326,Upper west
25/07/2023,2829.635986,1755.29126,296.7648873,Upper west
15/07/2023,4634.864773,2461.78886,1252.566362,Central
20/07/2021,3155.470311,1822.859317,736.8286115,Central
09/01/2022,3761.819767,1082.112156,205.7324488,Volta
25/09/2021,3464.612127,2535.788735,1696.948488,Greater Accra
04/01/2022,4897.866745,2997.172277,493.1259052,Greater Accra
28/03/2021,2374.744996,1400.068547,1938.781565,Upper west
12/09/2020,4201.064053,607.6238431,489.8248599,Greater Accra
25/07/2020,2555.767868,1904.1604,1781.577272,Greater Accra
24/06/2023,2577.516591,1559.768514,1825.770179,Greater Accra
12/08/2021,2713.881926,2320.045081,1974.439469,Upper west
17/01/2021,3800.929158,661.5894273,855.5803796,Upper west
01/02/2021,4988.919682,1063.434284,764.0418736,Upper west
12/12/2023,1563.299801,2230.182994,1319.874062,Greater Accra
06/07/2020,1440.08999,2232.527286,1675.304073,Greater Accra
03/05/2023,4143.607154,1874.187289,982.4682964,Upper west
28/02/2021,3471.257311,2094.964901,1698.735233,Central
18/07/2023,2222.444142,2395.548864,792.3738852,Central
09/07/2022,1929.928583,1414.087193,578.6066214,Upper west
06/07/2021,1214.679825,1310.665352,1140.083035,Volta
15/05/2022,4613.751217,2485.851921,479.2274236,Greater Accra
27/01/2022,4316.444607,1903.00433,1030.171784,Upper west
12/06/2020,4815.645329,1559.392406,1898.068382,Greater Accra
26/05/2021,3563.805067,2473.193009,1138.411715,Central
01/06/2022,4768.043401,1935.908953,1626.177032,Volta
28/06/2023,3745.547996,1117.283231,1205.546828,Volta
15/01/2022,4265.355292,830.8425119,228.7255201,Upper west
25/02/2022,3293.689571,2996.220313,1826.971197,Central
03/02/2020,3976.759974,2375.703191,1708.776088,Central
19/05/2021,4211.030886,801.6415603,1759.134838,Greater Accra
26/08/2021,3929.469921,2150.163035,1402.59503,Volta
06/09/2023,4356.044932,2132.409788,234.3563558,Greater Accra
06/04/2020,4474.735492,1024.821004,924.6988766,Greater Accra
04/03/2021,4206.852428,1796.252088,494.5294118,Upper west
09/03/2022,1313.461475,958.5814757,1639.886683,Volta
16/06/2021,1266.668533,1446.124153,1343.045465,Central
11/08/2022,2734.829227,1453.815341,707.0295815,Volta
22/11/2020,1925.634526,2704.00649,1136.496922,Upper west
03/07/2020,3741.0783,2800.454504,1639.67764,Central
20/10/2022,1459.028721,607.6659818,1460.09344,Volta
11/02/2022,1175.514062,1081.97372,255.8630404,Greater Accra
10/05/2020,2947.840594,2638.122074,1630.054398,Volta
16/01/2023,4508.460666,2712.709399,1349.331589,Upper west
04/12/2022,3371.652063,2063.249,1298.926852,Greater Accra
05/04/2022,1665.560389,1046.881106,926.0888665,Volta
26/03/2022,4589.776392,806.379105,545.4706138,Upper west
12/02/2021,3863.157163,2817.329135,1910.843996,Central
19/01/2022,3466.082637,2723.118309,1745.684423,Central
05/12/2023,2459.082921,1034.89362,1732.703932,Upper west
21/03/2020,2785.646108,2716.298152,1497.623006,Volta
23/10/2021,1167.644754,1730.454272,694.411341,Central
03/07/2022,3742.417102,2402.735102,613.5048265,Volta
07/03/2022,4192.567454,1089.466355,1500.607516,Upper west
16/04/2022,2857.615735,1202.60397,1142.580259,Upper west
03/07/2020,1244.069189,2123.893518,826.5397819,Upper west
07/07/2021,3858.736476,2471.822498,1002.261198,Central
25/02/2021,4944.084735,2395.398384,1971.950478,Upper west
07/02/2021,3386.530461,956.0118738,813.1812132,Central
13/09/2022,4977.982183,2155.637409,508.3625965,Volta
12/04/2021,4281.45947,2453.50004,1265.312618,Greater Accra
23/10/2023,4538.800247,2646.791,669.580334,Greater Accra
04/09/2021,2351.948737,2154.334498,717.8877788,Central
28/06/2021,1079.11366,920.2378255,654.7949415,Greater Accra
20/10/2022,2550.920273,1988.899628,1513.645114,Upper west
11/09/2020,1237.183713,2005.854153,583.3433798,Central
27/11/2022,3826.281534,701.3692416,1642.670669,Upper west
08/04/2022,3488.108391,1877.129885,726.9467543,Volta
10/11/2021,4705.07149,2979.635032,1978.987102,Upper west
19/10/2023,1706.449588,1717.935467,200.4187715,Upper west
17/12/2021,3359.168981,1807.575453,1416.625992,Greater Accra
26/08/2022,4613.816916,2051.883292,1707.755535,Upper west
16/01/2021,4218.544757,2928.905862,439.0422797,Upper west
27/09/2023,4220.8869,915.7242845,1526.639925,Upper west
26/06/2021,2624.322071,2543.758114,714.8696097,Greater Accra
30/11/2021,3794.301854,727.8065744,1080.254887,Central
15/07/2022,4366.075378,786.7725873,1083.31717,Upper west
04/12/2023,1680.895234,1066.575973,1853.034059,Upper west
06/06/2023,2548.381533,893.1544438,1260.531199,Greater Accra
16/12/2022,2856.246571,1433.329339,1769.498166,Volta
12/07/2020,3037.059758,2330.062276,1802.03384,Upper west
07/01/2020,3474.266882,2451.078812,431.4295612,Greater Accra
23/06/2023,3474.62623,1069.078152,580.0534956,Central
31/12/2023,3149.005039,2311.711462,555.6953471,Central
16/07/2022,2971.257466,1214.795509,1607.773111,Volta
13/03/2022,4763.51239,1731.391646,1104.67161,Greater Accra
11/01/2021,1357.24098,2506.898108,887.5621829,Greater Accra
17/06/2020,2069.384814,811.1300598,1758.372193,Upper west
05/09/2022,1083.830613,2075.430336,1154.133252,Central
15/01/2023,3806.250549,2790.525449,286.6995727,Greater Accra
14/08/2023,2275.713082,2000.622856,1937.597639,Central
09/12/2022,3353.435811,2200.296518,963.2241813,Volta
20/10/2023,3666.997936,562.8420301,1294.541045,Volta
02/06/2021,4100.486695,1150.572585,1352.101587,Greater Accra
25/05/2021,2359.852887,1820.650606,1629.084715,Upper west
12/06/2020,1034.35251,1603.66788,1809.272169,Greater Accra
27/01/2020,2325.513385,799.4695317,322.5157512,Greater Accra
06/01/2023,3569.348866,2891.679082,1181.357232,Volta
22/08/2021,3867.100641,2539.352233,899.6551612,Volta
17/05/2020,3187.227727,2680.93365,400.0952077,Upper west
24/05/2022,2720.963988,908.6810486,1389.074464,Central
27/11/2023,3367.548454,2616.704472,1303.233475,Upper west
17/03/2020,4868.268092,868.5533606,364.8457905,Greater Accra
24/08/2022,1922.036634,2561.638734,1591.238633,Central
04/02/2022,4639.733768,1969.782532,767.4851818,Greater Accra
21/01/2022,4491.457918,505.9981316,1198.607155,Central
11/04/2020,4314.114964,1510.039226,395.4193297,Central
12/10/2021,2839.644683,1107.499496,833.714108,Central
25/07/2021,1458.276001,1274.204143,1367.398683,Greater Accra
19/01/2020,4296.750415,2339.037727,1175.797192,Volta
20/03/2022,3417.345013,1320.246311,335.6184347,Greater Accra
21/05/2020,4926.491628,2778.707245,1198.318994,Central
08/06/2020,1617.846728,2172.512418,337.3132844,Greater Accra
13/11/2023,3405.724383,1235.707177,1444.176539,Upper west
27/03/2023,3674.779914,2450.088426,1306.500743,Upper west
21/12/2020,3186.877751,682.0902913,1307.629123,Volta
26/01/2021,1699.639437,1512.731259,1167.489033,Volta
19/06/2020,2931.384148,2296.978839,1983.657267,Upper west
18/08/2023,1114.171601,1316.341556,1383.5977,Central
03/11/2023,4913.377038,2714.130999,244.1995572,Volta
17/05/2021,2531.179438,1038.019859,894.9576159,Greater Accra
23/12/2022,1272.976452,2288.876003,378.9877318,Greater Accra
10/04/2021,3635.338685,1930.529395,719.6581695,Central
15/09/2021,2348.435888,1284.554327,1540.072899,Central
05/05/2023,3037.169322,2107.616132,457.72284,Volta
07/10/2022,1184.044835,1223.674665,1568.933728,Upper west
18/09/2020,2224.278647,979.6822084,1618.410606,Greater Accra
27/11/2022,4203.681537,1487.976351,1111.132881,Greater Accra
18/11/2023,2182.132401,1223.904068,1926.466248,Upper west
16/12/2021,2730.659423,860.2528394,898.3482418,Central
03/11/2022,2078.716489,2165.050605,1527.73743,Upper west
19/04/2022,1304.880465,1296.594219,1412.13769,Volta
07/02/2020,4222.243977,1396.999761,1703.124563,Greater Accra
04/05/2020,4203.237393,1554.510284,737.6261106,Central
24/03/2021,1612.224417,1615.446445,1056.097972,Upper west
05/11/2022,3035.931984,2147.71289,444.6718137,Upper west
15/03/2022,1533.763019,2060.196203,1057.740828,Volta
31/07/2022,1937.172721,1758.426149,870.2227893,Volta
01/05/2021,2284.586418,766.0646525,934.5036616,Greater Accra
16/05/2021,4276.592921,1457.331185,370.2200863,Central
06/05/2020,2594.556274,2414.923313,791.649484,Greater Accra
02/05/2021,4399.991213,1466.540108,713.5399351,Upper west
11/02/2020,1724.295678,592.2237061,461.9053723,Greater Accra
29/12/2023,2405.468375,1248.298011,1937.320163,Greater Accra
08/06/2020,3842.838561,1962.328996,498.6806819,Upper west
06/03/2023,4489.632097,2301.655238,1359.723208,Central
11/06/2021,2813.791871,1835.475849,1895.1907,Greater Accra
09/07/2021,2266.370984,2130.117464,1980.520103,Central
18/11/2020,2543.653299,1105.716188,497.4191412,Volta
30/04/2022,1489.776929,992.4211151,852.6489291,Central
05/01/2020,2186.851788,1645.897156,633.5280807,Central
09/03/2023,2941.560292,1468.196452,1711.405271,Greater Accra
14/03/2021,2437.403495,2846.05117,1409.461673,Volta
05/08/2020,2170.364345,1308.142693,1389.451274,Upper west
29/01/2021,3081.640848,1845.122132,1691.658773,Upper west
16/09/2023,3060.328117,613.014791,722.3985433,Upper west
02/09/2020,4248.537559,1500.56286,344.8011884,Greater Accra
20/12/2022,3879.280608,2651.430344,1351.988074,Volta
14/11/2020,3198.871473,787.9690884,1299.208599,Upper west
26/10/2022,1391.807679,2087.465796,819.8860798,Volta
24/04/2020,3152.619262,1055.592674,1468.019319,Central
12/03/2022,2231.471742,1722.059745,1449.321646,Upper west
10/04/2022,3124.5073,2875.618094,1467.994871,Greater Accra
07/12/2021,4487.200873,1466.098249,1330.119413,Upper west
08/01/2023,3588.227156,2759.57545,1939.235206,Central
03/05/2021,4351.941638,2763.445741,574.6684167,Central
07/07/2021,3955.207895,2147.334335,728.2181509,Central
23/01/2020,4866.457666,1993.764259,444.0166183,Upper west
10/02/2022,2001.1991,1628.49624,396.0682347,Central
21/06/2021,2067.22185,2528.754474,1113.293157,Greater Accra
16/06/2022,2848.649332,503.2189692,1191.524794,Volta
01/03/2021,3837.659559,1820.947636,822.8067243,Central
30/07/2021,2862.019486,912.3639062,1237.644606,Volta
21/07/2022,4220.756403,2206.573238,1774.675597,Volta
23/06/2021,1651.372351,1709.206548,676.6672329,Volta
20/02/2020,3509.467838,1978.878872,1552.869341,Volta
10/12/2020,3140.008995,2379.017608,1856.477658,Volta
18/08/2021,3223.090888,812.9153322,1468.675137,Volta
05/04/2022,3445.584685,2086.375218,1931.323748,Volta
14/01/2020,1890.19145,2597.690825,423.3383954,Volta
21/01/2023,1511.325579,597.8548134,1771.91583,Volta
31/12/2020,4381.814304,2496.975364,1598.103419,Central
25/01/2023,4938.149309,561.3646515,707.983371,Upper west
07/11/2021,1243.647884,911.9011043,989.0474218,Upper west
13/08/2023,4991.823273,2075.323511,770.306044,Greater Accra
08/11/2022,4477.40344,959.9310426,1189.346577,Volta
03/04/2023,2832.737491,668.5690605,1194.573668,Central
05/04/2022,1609.466341,627.9706514,1565.538827,Central
21/01/2021,3553.063168,1865.83893,758.7466685,Volta
28/08/2022,4423.640945,2393.330238,1984.182425,Upper west
13/04/2022,1777.094949,762.0533284,1014.967948,Upper west
30/05/2022,4359.363099,2959.320878,1084.446272,Greater Accra
06/03/2022,3759.200107,2523.493686,685.7777037,Volta
04/02/2021,3776.02412,511.5604867,1507.519858,Greater Accra
09/07/2020,2523.137736,505.8625975,1040.784896,Greater Accra
08/07/2021,2148.363031,2802.585483,1389.977254,Volta
29/05/2022,3800.928279,629.5060828,323.1676177,Volta
29/05/2020,3285.575396,1241.710749,828.7884828,Volta
20/06/2023,2438.304632,2476.558154,307.526712,Upper west
21/04/2021,1790.190767,579.9182384,1538.589277,Central
28/05/2021,2201.04783,2555.978741,1781.896564,Greater Accra
25/08/2021,3902.371407,856.9286244,1828.116339,Volta
18/07/2022,2433.197285,581.066444,1598.051495,Central
04/06/2020,3407.308843,1932.922465,939.6563629,Upper west
27/03/2020,3400.75884,2187.419635,1430.072878,Volta
27/12/2020,3494.337999,1717.296014,645.3576418,Greater Accra
22/07/2022,4796.788629,1549.288149,1657.335925,Upper west
07/08/2023,1271.514967,1352.30886,785.6958609,Volta
31/01/2022,2992.619038,2095.279868,1770.043424,Upper west
13/05/2023,2886.258993,2484.339831,1743.048865,Greater Accra
26/09/2023,1420.935417,1994.156827,1784.700709,Greater Accra
28/10/2022,4273.54589,1971.355911,1747.31862,Central
31/01/2020,1515.066526,2977.822316,1438.263341,Upper west
02/03/2023,3901.518362,1751.29757,1266.04743,Volta
03/08/2022,1422.277819,1716.414923,1129.246086,Upper west
30/05/2022,2969.656053,533.6337467,458.6383959,Volta
14/06/2022,2840.415031,2677.95405,1282.816168,Upper west
21/10/2021,4086.045724,2522.228846,582.8074246,Greater Accra
22/07/2022,1480.052915,1774.364642,1056.667564,Central
08/08/2023,3538.057333,1125.24035,949.2283492,Greater Accra
31/10/2020,2763.078308,993.9342993,1312.461491,Central
22/07/2022,3147.383398,2443.425633,1563.237662,Central
15/12/2022,2110.511064,1939.434773,1248.69215,Greater Accra
16/06/2023,2607.847893,1924.410783,528.9480929,Upper west
29/11/2022,1644.256624,1492.278271,1062.178804,Volta
07/05/2023,3519.927294,2146.267789,1897.689434,Upper west
01/03/2023,4988.979222,2727.064193,1143.83638,Central
17/03/2022,3198.396441,1909.430988,1146.219549,Volta
16/10/2020,1990.494107,2996.553599,1414.61779,Volta
11/10/2023,2162.945698,887.4287834,1524.255508,Upper west
29/10/2021,2625.789644,2163.807052,995.716053,Upper west
06/12/2020,4916.446221,2599.57907,1319.215027,Upper west
06/09/2022,1811.094587,1413.894382,1312.260309,Central
10/08/2023,1303.915521,2405.424375,360.9197975,Upper west
02/05/2023,1756.839714,2773.357558,1915.732684,Volta
13/10/2020,1656.581544,2717.928389,353.0419745,Volta
27/01/2023,4108.393509,2379.590978,1757.072502,Central
14/09/2022,4384.152246,2087.205013,1143.6129,Upper west
13/06/2022,3300.657569,716.9771872,1139.26139,Central
02/07/2020,3240.934317,1906.31314,1186.393534,Central
01/09/2022,2577.60728,1962.815599,1309.998929,Volta
18/03/2021,4778.954479,1460.861757,1396.921082,Volta
12/12/2020,3148.80113,1424.954377,1023.607001,Greater Accra
25/12/2021,3955.071034,2464.454515,1685.923097,Central
11/08/2023,1518.597157,1757.146375,284.7017925,Volta
14/02/2021,2356.619432,1198.430147,1618.822835,Central
15/02/2020,4264.066306,690.197458,1900.159428,Greater Accra
04/10/2021,3143.597166,2543.069415,1956.532088,Greater Accra
25/06/2020,1440.348001,1799.375387,471.9860893,Greater Accra
29/05/2022,2837.812241,2131.468603,1015.449111,Central
18/11/2021,3083.644054,1950.128484,926.7123116,Upper west
24/05/2021,1918.778071,2435.172085,225.8385952,Greater Accra
16/08/2021,1365.716572,2196.622925,327.0091542,Central
08/02/2023,3851.353103,994.5067629,333.8693689,Volta
31/07/2020,1907.918778,613.8575218,888.5785684,Greater Accra
22/07/2021,1649.270665,1373.510677,1165.427299,Volta
06/02/2022,4739.928253,1554.088032,1061.016607,Central
29/12/2021,3798.619014,1165.38229,1488.764981,Central
24/09/2023,4079.928664,2987.033463,359.6265432,Greater Accra
14/01/2020,4979.715341,2506.452241,793.8289265,Central
30/05/2022,2596.012377,2418.872536,1744.035605,Greater Accra
25/11/2020,2936.112809,2237.09047,757.1337348,Volta
12/12/2023,3403.156051,2052.609367,785.2731183,Greater Accra
03/11/2022,2174.745014,1054.210915,1154.825458,Greater Accra
19/09/2021,4236.631159,655.894111,1529.631224,Greater Accra
02/12/2020,2712.973842,1753.554589,1309.655135,Greater Accra
09/03/2021,2303.492528,2984.496385,576.3083681,Greater Accra
13/01/2023,4361.200535,2219.860994,888.0504711,Greater Accra
07/02/2020,4357.998288,1460.090511,1629.7148,Upper west
09/08/2023,3372.710769,2508.168176,1773.797048,Upper west
06/10/2022,2498.84687,1699.62773,1528.075406,Greater Accra
16/06/2020,3196.535698,2222.987271,927.8478916,Central
01/08/2022,2168.463227,693.5571294,1660.187365,Volta
05/11/2021,3832.59891,1999.870206,434.1457876,Central
09/02/2023,4426.825109,2076.874162,1816.420709,Upper west
04/07/2023,4211.85644,1101.30016,1419.325239,Greater Accra
29/10/2021,2299.000385,836.8474386,932.3457959,Volta
27/03/2022,2481.360728,1737.89762,1422.383321,Central
06/05/2023,4855.067715,2939.385968,1131.483126,Central
03/04/2022,4818.240084,2411.275816,598.3699788,Upper west
23/11/2020,1380.4841,2151.883996,422.0252543,Upper west
01/11/2021,3500.891207,1693.977491,1488.761724,Central
21/02/2021,1992.116812,1903.124074,1456.675348,Volta
23/06/2021,1216.094777,2444.620312,807.1046409,Greater Accra
30/04/2023,3830.035327,1817.276273,1323.509973,Greater Accra
22/12/2023,3517.934596,1213.126347,1272.144256,Upper west
29/05/2020,3452.211597,1907.14383,1530.078955,Upper west
28/12/2023,4765.306549,859.1948988,200.9815647,Volta
20/08/2023,1624.512154,2746.298462,1936.5264,Central
30/12/2023,4998.791283,1424.201488,207.4205113,Upper west
05/04/2022,1482.939494,2386.753566,1571.153075,Volta
14/02/2021,3984.917566,1764.748099,700.5834906,Volta
07/04/2022,3784.081926,2542.930404,1565.833111,Central
21/12/2022,1583.726954,2060.291206,526.6395356,Volta
09/07/2023,1963.144821,2440.160247,613.952148,Central
07/09/2021,4742.422191,2227.472975,354.1478873,Upper west
24/03/2020,2445.634014,688.2081797,686.4363416,Upper west
19/11/2022,1904.432119,1568.610329,457.8209767,Central
05/08/2020,1395.005915,2147.298241,1507.348191,Volta
24/02/2022,1406.846164,2337.710886,210.9904735,Upper west
20/04/2022,3253.672987,1418.143304,950.3129353,Greater Accra
24/07/2023,3421.028999,2053.719666,425.4186468,Central
26/12/2020,1555.316348,2941.918351,1976.330254,Central
27/03/2021,4134.028311,2724.551474,1376.749405,Volta
30/03/2023,3302.096226,2208.509598,633.1131531,Upper west
16/02/2020,1062.717191,1547.610894,1346.274525,Central
07/12/2022,3267.270153,1838.9332,582.6738329,Greater Accra
10/11/2023,4483.716808,2637.186832,797.1729165,Greater Accra
20/01/2023,2447.181915,1646.056529,756.7831617,Upper west
07/10/2020,4093.695206,783.8819662,1776.693931,Volta
01/07/2022,3365.575797,1743.365327,1746.022446,Central
28/12/2023,4996.275479,2520.89301,542.6487597,Greater Accra
29/04/2022,2649.665727,2025.319464,645.7533626,Central
09/04/2021,4216.704964,2896.687667,861.4775415,Upper west
22/05/2023,3930.566231,1428.533152,1813.060811,Central
25/03/2021,4588.24667,638.9393431,1636.339786,Greater Accra
24/05/2020,3555.468408,1558.187366,1136.283811,Upper west
06/10/2022,3024.294316,2779.851858,535.4624965,Central
05/01/2021,2597.092427,1748.112984,1111.296536,Volta
01/02/2021,1682.784174,1740.155041,241.5972056,Volta
28/11/2023,4765.849461,2283.427743,1760.047232,Greater Accra
03/09/2023,1162.558332,589.1844697,1887.972867,Volta
07/05/2021,3016.399382,685.461189,1334.898074,Volta
30/06/2022,2603.385901,2279.089342,1537.783326,Central
18/01/2022,2117.985869,565.0338255,987.7922144,Volta
27/03/2021,2924.565733,1944.281765,941.6174663,Greater Accra
13/05/2022,3631.303335,658.7908668,884.6868879,Greater Accra
03/10/2020,1183.437621,1687.894697,1547.494768,Volta
22/05/2021,4031.445786,544.9736486,1564.518213,Greater Accra
23/10/2021,2635.64417,930.8945416,1894.231698,Central
09/02/2023,3018.257662,1845.146553,942.4264201,Volta
11/07/2022,1213.361201,1291.372905,500.5338442,Volta
02/07/2020,3188.077803,1436.87297,1260.65372,Central
28/08/2023,2527.892002,1348.83402,220.7964721,Central
14/11/2023,4766.489049,1498.010488,1670.276644,Greater Accra
12/09/2023,3519.94675,2691.185613,1312.716415,Central
11/11/2023,4760.956061,2375.667192,418.4061927,Greater Accra
21/11/2021,2765.965345,2765.614313,1751.160567,Greater Accra
04/06/2023,2640.831986,1995.845381,490.3254175,Central
20/08/2021,1961.767778,641.87849,1466.915541,Upper west
04/03/2022,2296.28936,1533.700322,673.4826724,Volta
18/09/2022,4690.992111,2252.767488,403.5625891,Volta
11/08/2021,2762.680713,688.2338483,1981.776793,Upper west
12/06/2021,3533.55177,1329.958316,560.9649726,Greater Accra
03/05/2020,4493.673843,2182.423487,1368.000879,Volta
05/04/2023,1696.374186,2765.348746,326.2490863,Greater Accra
05/05/2021,4925.706133,1289.431125,645.6837579,Volta
18/11/2020,4067.49511,2604.235864,1278.221836,Central
26/04/2020,4509.87636,2165.880431,406.3393497,Greater Accra
04/10/2021,1683.583299,2913.84913,678.9397825,Central
16/12/2021,4008.58043,1812.444981,1691.202622,Central
24/12/2021,1770.712544,670.5575327,1175.075011,Greater Accra
26/10/2022,2745.640822,1535.295252,1370.316251,Volta
16/06/2022,1216.575978,1087.615916,1580.940604,Central
01/06/2022,3898.525176,2242.966814,1469.571566,Central
02/08/2023,4437.367183,2832.69562,1069.76754,Greater Accra
07/11/2023,3828.261232,2715.033304,309.3022248,Volta
01/11/2022,2224.512182,2142.868807,1541.174266,Volta
25/10/2023,3848.669005,1921.192997,484.8505693,Central
13/01/2023,3577.342288,1015.51343,1409.064193,Upper west
05/08/2022,1206.794469,2700.432144,1809.007845,Volta
06/07/2022,4262.500471,1612.563247,1260.392691,Greater Accra
12/04/2021,1548.691339,2623.809154,523.9178246,Upper west
26/04/2022,4535.504463,690.8748434,1093.43328,Central
17/11/2023,3028.450397,887.6727141,886.6820513,Greater Accra
01/06/2022,3145.929064,2437.24469,827.4170106,Central
01/10/2020,4574.889777,1621.914374,1051.277221,Volta
29/06/2021,2573.062921,1638.113014,1004.894952,Volta
07/08/2022,3320.856155,2814.168243,1243.838576,Upper west
18/08/2021,2954.08813,1241.034537,274.1455481,Volta
13/01/2021,2746.30358,872.9191235,429.1922781,Greater Accra
05/10/2020,2157.03795,1416.02091,1442.686102,Upper west
24/09/2021,3546.140814,2008.672463,1065.861807,Central
01/08/2021,2039.215063,2848.894892,537.235953,Central
10/01/2022,3451.38534,2903.649574,1881.098914,Greater Accra
25/10/2021,1839.081014,2147.203309,1896.23531,Upper west
14/11/2023,2219.138894,2540.997456,260.1979973,Volta
07/02/2023,3673.041858,2203.571901,1625.826134,Central
25/09/2020,2217.288673,2666.250964,1666.317229,Volta
11/02/2022,3153.801751,2267.51273,729.272178,Volta
25/09/2021,4096.710846,1875.134794,239.1588629,Greater Accra
18/06/2023,2491.052425,2413.344231,493.3384177,Greater Accra
03/03/2023,3249.079555,1825.110664,945.2043155,Volta
23/08/2022,1253.905569,1511.406019,373.7376871,Upper west
24/06/2022,2164.307149,1427.03786,1834.672395,Volta
22/04/2021,4270.746316,1930.471756,870.6212146,Greater Accra
28/03/2023,3499.655883,2126.540901,685.496605,Volta
19/09/2021,2243.029299,2100.728554,1642.198554,Volta
10/03/2020,3109.700385,1034.934797,1289.629515,Upper west
27/08/2020,4914.697451,2333.802833,1131.624491,Upper west
25/11/2023,4662.757628,2766.753385,479.4079679,Volta
09/02/2022,1897.794566,2338.212661,1312.063564,Upper west
26/04/2020,1938.72315,686.8118272,717.9697652,Central
03/05/2020,3078.005985,1342.317968,681.6270402,Upper west
03/01/2022,4611.650705,2758.156534,693.4756071,Central
09/04/2020,4273.76358,1645.881897,1860.262847,Volta
05/01/2022,3266.328821,552.1267981,781.6299545,Volta
03/10/2022,2742.568755,2144.584207,1641.747084,Upper west
24/01/2022,1574.671649,2073.882273,1429.20817,Greater Accra
25/12/2021,1655.013066,1783.008643,552.7176115,Upper west
16/05/2022,1434.350289,840.0785734,1167.166434,Volta
22/09/2023,1199.733112,831.1348896,1088.955614,Central
25/09/2021,4764.938209,2419.790567,743.6151632,Central
24/02/2023,2334.609847,1865.837235,1886.511316,Volta
04/05/2023,3503.387737,936.5070174,1901.715121,Upper west
30/03/2023,1015.124522,2232.200862,1320.684202,Upper west
26/01/2023,2142.299443,1084.256238,340.0284191,Central
05/03/2021,2767.378857,2030.448564,481.1338122,Volta
11/12/2020,2555.090859,2400.963108,1024.37577,Upper west
09/02/2022,3639.328917,731.7330029,641.1679118,Greater Accra
27/03/2021,3582.620077,1834.094132,713.2997202,Central
09/02/2020,1150.456636,1304.498876,644.4186663,Upper west
16/02/2020,1219.143309,2809.134925,1046.370821,Upper west
30/05/2022,1424.724307,2866.02048,1031.750653,Greater Accra
06/01/2020,4531.254338,747.4942283,1008.840703,Volta
09/08/2021,1720.220859,2485.958044,456.8914856,Upper west
27/02/2020,4830.944345,1553.038646,767.6927397,Greater Accra
17/10/2023,3489.849895,1444.035028,570.0734735,Greater Accra
09/12/2022,4267.279343,1134.67245,702.0314884,Central
16/03/2021,2812.159079,938.5762041,655.3520348,Upper west
17/02/2023,3550.567931,1483.381989,1793.534949,Volta
27/06/2023,1492.519196,746.8490645,1121.961838,Upper west
10/09/2021,3532.059857,789.6600364,1247.391418,Volta
06/12/2021,1864.187508,1708.483897,1648.368356,Volta
27/08/2023,1964.982172,1498.41992,668.1670683,Central
19/12/2020,4357.156274,1827.841707,856.3631277,Volta
03/04/2023,3501.493861,2207.48315,1976.418974,Volta
01/06/2022,2954.016739,2683.95604,973.8240234,Greater Accra
12/06/2021,2467.25699,2805.41659,306.8674234,Upper west
02/09/2022,4106.843926,736.6864088,366.6624826,Greater Accra
18/12/2021,2951.426879,501.6141087,800.8570785,Central
05/02/2020,4257.462059,1496.384275,960.6436987,Greater Accra
02/09/2021,3344.859589,2146.9246,1960.326907,Central
03/07/2023,2861.861571,1914.492514,1481.893214,Central
23/07/2023,3411.470165,2856.666423,1569.878143,Upper west
26/09/2020,4302.932471,933.1670982,1874.839724,Central
05/06/2023,1678.021745,2152.752501,1282.752424,Central
01/06/2021,2608.507674,2695.459659,1950.37009,Volta
10/05/2021,4341.752672,1932.860706,460.0478185,Upper west
27/12/2020,2186.086908,1811.905275,1133.218685,Upper west
23/12/2023,4249.052604,2546.031655,588.4834412,Central
17/02/2020,4264.119129,655.9596237,633.4503979,Upper west
18/04/2020,2998.78541,995.1404813,1596.719412,Upper west
12/04/2021,4320.887217,855.6829518,650.4545406,Volta
28/02/2021,1692.962343,989.7787342,1678.890628,Upper west
02/10/2022,3523.589871,2589.908778,356.6877726,Upper west
11/06/2023,4734.737793,1138.213989,1223.900689,Upper west
13/06/2021,2117.988868,2159.325759,1380.420858,Central
02/02/2021,4851.883997,507.2603297,393.7191099,Central
11/02/2020,2221.503459,1014.431006,1581.663783,Upper west
27/12/2020,2527.708887,740.4825772,1868.02049,Volta
05/07/2023,3853.696156,1567.879735,222.0423813,Greater Accra
08/01/2021,1591.442694,2421.256901,1243.101089,Volta
29/05/2022,3787.765696,1196.592036,1157.600474,Central
16/11/2023,1205.866511,2608.926379,784.2098262,Volta
04/05/2020,4302.630849,997.8670319,1505.190556,Volta
17/06/2020,1625.250953,2296.31452,478.7924136,Volta
05/11/2021,3715.964228,2002.95749,1332.694828,Central
28/04/2023,1896.407802,1361.745835,1020.047069,Greater Accra
28/02/2022,2816.052559,1145.469158,636.3787272,Greater Accra
20/12/2021,4702.7386,1621.010441,1591.503931,Volta
02/11/2021,2941.883719,2349.205813,1322.956788,Volta
25/06/2021,4257.0489,2063.463665,322.4138707,Volta
20/09/2021,4985.965337,579.2366176,1283.014499,Greater Accra
06/05/2023,2840.521131,2916.063694,1133.513471,Upper west
11/03/2023,4571.071621,645.9553058,1501.586489,Greater Accra
15/08/2022,4023.556817,746.6328403,1892.162731,Greater Accra
04/11/2021,4076.236084,1591.353355,1994.912171,Greater Accra
27/04/2021,4046.070231,2854.900242,1795.27278,Volta
23/04/2022,4938.027952,1144.815393,1537.332577,Central
27/07/2021,4944.553211,2963.587315,254.6893653,Greater Accra
04/03/2020,3800.146858,1680.686667,1288.637498,Greater Accra
21/07/2023,2305.568304,2775.442515,1114.759309,Upper west
05/10/2023,2300.068718,2509.828582,1365.724297,Central
22/07/2020,3032.885826,2652.54514,1706.960788,Upper west
15/05/2022,4302.512076,793.6576695,1514.343671,Greater Accra
14/04/2022,2173.537158,2636.860546,297.2213719,Upper west
04/09/2021,2062.687523,1170.820692,561.9623704,Upper west
12/01/2022,1057.11496,1369.289424,1696.373494,Central
10/07/2023,1889.419074,1733.965401,1552.163077,Upper west
27/05/2021,2578.784615,2569.762242,918.0045362,Central
02/11/2023,4999.812878,2491.537024,1516.242659,Volta
08/04/2021,1854.977111,2299.504567,1883.494376,Greater Accra
12/06/2021,2611.1836,2343.819508,766.8958585,Greater Accra
12/12/2020,2412.352477,1010.623374,1860.868226,Volta
18/02/2022,3839.084862,2097.808915,613.5216673,Central
27/03/2022,2060.979485,1436.153466,1267.557979,Upper west
09/08/2020,3992.218452,2270.340038,752.0702516,Greater Accra
11/03/2020,2237.213149,1721.951414,1229.855066,Upper west
28/10/2020,2260.684885,2278.004041,1169.85366,Central
15/06/2023,4958.688593,2008.393287,1313.617372,Greater Accra
26/02/2023,3162.23503,691.2562303,488.4571169,Central
28/07/2022,4109.25189,2780.53282,1207.374868,Upper west
23/10/2023,2461.680836,1245.976665,1962.39756,Upper west
08/01/2022,1452.267433,2478.84195,234.2517441,Central
05/04/2023,4110.432211,1630.832549,1062.00073,Volta
11/03/2022,3830.347875,1658.660529,424.372534,Central
05/05/2023,4799.54029,2577.105636,1427.601388,Central
14/07/2020,1158.01429,2535.572405,622.3788936,Volta
11/06/2020,1298.046617,556.1065799,1381.924721,Greater Accra
21/01/2023,3369.921976,1547.374612,1057.190706,Greater Accra
31/12/2022,3276.467301,1286.948954,1500.93412,Volta
03/01/2020,4079.287554,2714.492185,1954.336932,Central
03/11/2022,2531.574571,2558.113575,737.0568458,Greater Accra
21/06/2021,3185.13536,618.7236482,1887.170761,Greater Accra
29/10/2021,2091.539256,836.4122984,288.6558648,Greater Accra
08/08/2020,2258.26336,594.8619524,1265.626167,Volta
25/09/2023,4344.06142,1253.397538,690.840951,Greater Accra
02/11/2023,4738.633119,949.2527704,919.2083994,Greater Accra
07/12/2020,1898.825684,2994.619854,1075.360415,Volta
20/09/2022,1176.954141,2752.078362,1707.262975,Greater Accra
07/10/2023,4802.58007,1378.28011,672.2984652,Greater Accra
08/10/2023,4227.502472,2034.53441,1838.465442,Central
04/05/2022,3513.198345,2686.364219,1210.795259,Central
09/07/2023,2824.152546,804.8080668,1919.037985,Volta
09/09/2020,2246.509225,2547.657837,929.1613243,Greater Accra
17/05/2021,4550.231363,2151.670075,1976.134864,Central
24/10/2023,4314.535047,1814.71334,638.9159053,Greater Accra
05/07/2023,4943.469386,854.2988117,742.7218751,Upper west
17/06/2022,2054.031103,915.6188204,1116.967707,Upper west
24/06/2023,4310.947779,2388.975671,220.9942363,Greater Accra
16/03/2021,3100.432931,573.4211972,555.8654203,Central
17/08/2020,1285.142108,1601.18821,1800.886077,Central
23/11/2021,4203.308814,518.7127314,1994.629948,Volta
26/01/2023,4828.758666,1805.4727,1499.643634,Upper west
08/11/2020,3138.761935,2221.09391,225.5616575,Volta
11/05/2023,2553.866373,1262.536703,1503.820598,Central
05/12/2020,3207.044443,1931.144153,1161.88927,Volta
08/04/2022,3618.892551,570.555012,950.0654097,Upper west
21/03/2023,3057.846137,2351.786438,1995.075539,Volta
03/05/2020,1408.760832,2769.395575,1881.739475,Volta
17/03/2022,1405.685078,2709.348006,777.5373856,Greater Accra
10/09/2023,3409.821244,2405.288559,1132.900139,Central
07/09/2023,2616.653536,1512.516337,1774.381539,Greater Accra
06/02/2023,4859.047839,505.0228444,1403.488811,Volta
04/06/2022,2396.939158,1173.974632,1632.246362,Upper west
28/10/2020,2398.806526,2248.365485,1634.770744,Central
08/02/2021,2202.605969,2323.020991,467.3249374,Greater Accra
23/10/2022,2867.964764,1468.824646,832.2632523,Central
15/12/2023,3353.468945,2336.922688,1725.765846,Central
02/09/2023,3875.129948,1037.038444,1141.724387,Central
19/10/2021,3292.427591,792.8748584,269.1736801,Central
22/07/2020,2275.508943,2697.812614,636.6204414,Upper west
11/02/2023,1097.628053,1600.676374,1465.203129,Greater Accra
08/10/2022,4352.853916,1312.131092,1842.332153,Volta
27/08/2022,2374.062945,2297.71502,300.7399215,Volta
14/05/2020,1961.926357,751.0120131,1333.583879,Central
20/10/2021,4427.800593,2114.157533,1392.262091,Upper west
29/08/2023,4029.262618,2530.396178,1532.401255,Greater Accra
11/06/2021,1740.58366,2724.21971,1620.409619,Central
15/02/2020,2876.790326,2647.222173,1101.034201,Central
28/10/2022,3108.798213,1191.3872,1563.460522,Central
11/12/2023,1182.804412,2983.931848,1517.970517,Volta
04/06/2021,1322.741805,1272.536765,1936.503336,Greater Accra
05/08/2023,4723.375872,2046.376029,1795.72633,Greater Accra
10/12/2021,4837.474761,2024.422504,818.5712143,Central
17/06/2023,3052.374453,791.9534587,1197.431282,Greater Accra
30/06/2023,4803.690045,617.8325415,327.9485761,Greater Accra
04/03/2023,2994.921541,2524.66241,657.436781,Upper west
12/10/2020,4953.220967,835.5582218,1134.588329,Greater Accra
24/02/2021,2502.438828,2641.417389,1271.829373,Central
10/07/2023,2751.883297,2777.366062,599.1215514,Central
27/02/2020,3674.038199,2498.267969,1881.153512,Volta
17/12/2022,2302.226173,2462.232692,523.3311407,Volta
10/10/2021,2640.695958,2613.373494,425.5916107,Volta
07/10/2020,3345.726137,769.0923441,1697.586614,Volta
08/08/2023,3724.189887,1484.492774,1610.116659,Central
24/01/2023,1745.804146,2976.71251,427.1748917,Central
05/06/2020,1196.101525,2086.97067,1287.162658,Greater Accra
27/02/2023,3437.018724,1186.062563,287.7527708,Greater Accra
09/12/2021,2657.61799,2459.583457,765.3063459,Upper west
25/11/2020,2882.577401,2036.832851,496.7999949,Central
26/06/2023,1840.515505,1099.645377,1740.183133,Volta
25/01/2021,2217.266596,1077.443582,1904.147517,Volta
23/01/2023,1045.010128,1692.534972,1149.022157,Central
20/10/2023,4376.391582,1722.634706,617.1295139,Volta
02/03/2021,1370.991682,1296.233203,1990.620038,Central
30/10/2020,4511.202766,1345.45611,432.5322319,Central
03/07/2020,1853.980214,2870.952887,1169.540239,Greater Accra
18/08/2023,4072.364817,2437.618239,1382.439339,Central
24/07/2021,4136.348113,744.9662909,549.8663019,Central
04/01/2021,2702.382194,1915.576769,755.2187484,Central
04/04/2020,3953.331147,2342.882419,1414.609401,Greater Accra
14/07/2023,3842.074279,2637.159144,711.8591117,Greater Accra
19/01/2022,4595.317391,1910.91488,392.0519243,Volta
05/02/2022,3630.928213,1695.818513,744.3417083,Volta
08/07/2020,4327.075218,1401.509289,1035.0636,Greater Accra
20/09/2021,3462.164929,1407.942453,1907.390792,Upper west
26/08/2022,2478.49039,2948.619468,1751.712745,Upper west
26/07/2020,4625.487107,1011.873233,643.9495285,Upper west
19/07/2020,2413.548001,2671.726805,356.1222578,Central
24/07/2020,4913.740793,2700.423279,508.5067789,Central
02/02/2023,1108.27301,1150.109154,596.0008884,Greater Accra
15/01/2020,4716.453253,2884.221625,891.3093659,Greater Accra
28/10/2021,3789.951966,1416.241889,1222.668558,Volta
24/07/2022,1807.14264,988.9983963,723.4975858,Volta
05/06/2020,2355.624571,2387.916474,666.930913,Greater Accra
21/07/2021,1887.618667,1636.220692,1086.643624,Central
14/01/2022,3265.169175,864.665897,367.3726644,Central
